<?xml version="1.0" encoding="UTF-8"?>
<!DOCTYPE mapper
  PUBLIC "-//mybatis.org//DTD Mapper 3.0//EN"
  "https://mybatis.org/dtd/mybatis-3-mapper.dtd">

<mapper namespace="bitc.fullstack503.java503_team3.mapper.ProductMapper">
  
  <!-- 상품 목록 조회 -->
  <select id="selectAllProducts" resultType="bitc.fullstack503.java503_team3.dto.ProductDTO">
    SELECT product_num, product_name, product_price, product_img, local_gu_name
    FROM product order by product_num desc
  </select>
  
  <!-- 지역 목록 조회 -->
  <select id="getAllLocalGu" resultType="String">
    SELECT DISTINCT local_gu_name FROM product
    WHERE local_gu_name IS NOT NULL
  </select>
  
<!--   지역별 상품 목록 조회 -->
  <select id="getProductsByLocal" parameterType="String" resultType="bitc.fullstack503.java503_team3.dto.ProductDTO">
    SELECT product_num, product_name, product_price, product_img, local_gu_name
    FROM product
    WHERE local_gu_name = #{localGuName} order by product_num desc
  </select>
  
  <!-- 카테고리 목록 조회 -->
  <select id="getAllCategories" resultType="bitc.fullstack503.java503_team3.dto.CategoryDTO">
    SELECT category_num, category_name
    FROM category
  </select>
  
<!--   카테고리별 상품 목록 조회 -->
  <select id="getProductsByCategoryName" parameterType="String"
          resultType="bitc.fullstack503.java503_team3.dto.ProductDTO">
    SELECT product_num, product_name, product_price, product_img, local_gu_name, category_num
    FROM product
    WHERE category_num = (
    SELECT category_num FROM category WHERE category_name = #{categoryName}
    )order by product_num desc
  </select>
  
<!--   나눔 상품 목록 조회 -->
  <select id="getShareProducts" resultType="bitc.fullstack503.java503_team3.dto.ProductDTO">
    SELECT product_num, product_name, product_price, product_img, local_gu_name
    FROM product
    WHERE product_price = '나눔' order by product_num desc
  </select>



  <select id="getFilteredProducts" resultType="bitc.fullstack503.java503_team3.dto.ProductDTO">
    SELECT product_num, product_name, product_price, product_img, local_gu_name
    FROM product
    WHERE
    (#{category} IS NULL OR category_name = #{category}) AND
    (#{localGu} IS NULL OR local_gu_name = #{localGu}) AND
    (#{share} IS NULL OR product_price = '나눔')
  </select>



  
  <!-- 특정 상품 상세 조회 -->
  <select id="getProductDetail" resultType="bitc.fullstack503.java503_team3.dto.ProductDTO">
    SELECT
    *
    FROM product
    WHERE product_num = #{productNum}
  </select>
  
  <!--    제품 등록하기-->
  <insert id="insertProduct" parameterType="bitc.fullstack503.java503_team3.dto.ProductDTO">
    INSERT INTO product (product_name, product_info, product_price, local_gu_name, product_img ,member_idx)
    VALUES (#{productName}, #{productInfo}, #{productPrice}, #{localGuName}, #{productImg}, #{memberIdx})
  </insert>
  
  
  <!-- 상품 검색 -->
  <select id="searchProducts" resultType="bitc.fullstack503.java503_team3.dto.ProductDTO">
    SELECT p.*, c.category_name
    FROM product p
    JOIN category c ON p.category_num = c.category_num
    WHERE p.product_name LIKE CONCAT('%', #{searchTerm}, '%')
    <if test="categoryName != null">
      AND c.category_name = #{categoryName}
    </if>
    <if test="localGuName != null">
      AND p.local_gu_name = #{localGuName}
    </if>
  </select>



</mapper>
