<?xml version="1.0" encoding="UTF-8" ?>
<!DOCTYPE mapper
        PUBLIC "-//mybatis.org//DTD Mapper 3.0//EN"
        "https://mybatis.org/dtd/mybatis-3-mapper.dtd">
<mapper namespace="bitc.fullstack503.java503_team3.mapper.UlCommentMapper">
<!--    게시물의 댓글 목록을 가져오는 API-->
    <select id="getUlCommentByUlIdx" resultType="bitc.fullstack503.java503_team3.dto.UserlifeCommentDTO">
        select ul_comment_idx,ul_comment_nickname,ul_comment_location, date_format(ul_comment_createdate,'%Y-%m-%d %H:%i:%s')
        as ul_comment_createdate, ul_comment_contents, ul_comment_like, ul_com_member_id from userlife_comment
        where ul_comment_ul_idx = #{ulCommentUlIdx} order by ul_comment_idx desc
    </select>
<!--    추천수 증가 -->
    <update id="ulCommentLikeUpDate" parameterType="int">
        update userlife_comment set ul_comment_like = ul_comment_like +1 where ul_comment_idx = #{ulCommentIdx}
    </update>
<!--    추천수 불러오기-->
    <select id="ulCommentLikeSelect" parameterType="int" resultType="int">
        select ul_comment_like from userlife_comment where ul_comment_idx  = #{ulCommentIdx}
    </select>
<!--    등록순 댓글 조회-->
    <select id="ulCommentAsc" resultType="bitc.fullstack503.java503_team3.dto.UserlifeCommentDTO">
        select ul_comment_idx,ul_comment_nickname,ul_comment_location, date_format(ul_comment_createdate,'%Y-%m-%d %H:%i:%s')
        as ul_comment_createdate, ul_comment_contents, ul_comment_like,  ul_com_member_id from userlife_comment
        where ul_comment_ul_idx = #{ulIdx} order by ul_comment_idx ASC LIMIT #{offset}, #{limit}
    </select>
<!--    최신순 댓글 조회-->
    <select id="ulCommentDesc" resultType="bitc.fullstack503.java503_team3.dto.UserlifeCommentDTO">
        select ul_comment_idx,ul_comment_nickname,ul_comment_location, date_format(ul_comment_createdate,'%Y-%m-%d %H:%i:%s')
        as ul_comment_createdate, ul_comment_contents, ul_comment_like, ul_com_member_id from userlife_comment
        where ul_comment_ul_idx = #{ulIdx} order by ul_comment_idx desc LIMIT #{offset}, #{limit}
    </select>
<!--    댓글을 추가하는 API-->
    <insert id="ulCommentInsert" parameterType="bitc.fullstack503.java503_team3.dto.UserlifeCommentDTO">
        insert into userlife_comment (ul_comment_ul_idx, ul_comment_nickname, ul_comment_contents, ul_comment_createdate, ul_comment_location,ul_com_member_id)
        values(#{ulCommentUlIdx}, #{ulCommentNickname}, #{ulCommentContents},now(), #{ulCommentLocation}, #{ulComMemberId});
    </insert>
<!--댓글 삭재-->
    <delete id="ulCommentdelet" parameterType="int">
        delete from userlife_comment where ul_comment_idx = #{ulCommentIdx}
    </delete>


    <!-- 페이지별로 댓글 가져오기 -->
    <select id="selectCommentsByPage" resultType="bitc.fullstack503.java503_team3.dto.UserlifeCommentDTO">
        select ul_comment_idx,ul_comment_nickname,ul_comment_location, date_format(ul_comment_createdate,'%Y-%m-%d %H:%i:%s')
        as ul_comment_createdate, ul_comment_contents, ul_comment_like,ul_com_member_id from userlife_comment
        where ul_comment_ul_idx = #{ulIdx} order by ul_comment_idx desc LIMIT #{offset}, #{limit}
    </select>

    <select id="selectCommentsAscByPage" resultType="bitc.fullstack503.java503_team3.dto.UserlifeCommentDTO">
        select ul_comment_idx,ul_comment_nickname,ul_comment_location, date_format(ul_comment_createdate,'%Y-%m-%d %H:%i:%s')
        as ul_comment_createdate, ul_comment_contents, ul_comment_like, ul_com_member_id from userlife_comment
        where ul_comment_ul_idx = #{ulIdx} order by ul_comment_idx asc LIMIT #{offset}, #{limit}
    </select>

    <select id="getTotalCommentCount" resultType="int">
        SELECT COUNT(*) FROM  userlife_comment   WHERE ul_comment_ul_idx = #{ulIdx}
    </select>

    <!--    게시물에 댓글 수 확인-->
    <select id="countComment" parameterType="int" resultType="int" >
        select count(*) as del_cnt from userlife_comment where ul_comment_ul_idx =#{ulCommentUlIdx}
    </select>


    <!--    게시물 확인 후 댓글 삭제 parameterType 받는값 resultType 보내는값 -->
    <delete id="deleteComment" parameterType="int">
        delete from userlife_comment where ul_comment_ul_idx = #{ulCommentUlIdx}
    </delete>

    <!-- 댓글 개수 가져오기 -->
    <select id="getUlCommentCount" resultType="int">
        SELECT COUNT(*) FROM  userlife_comment   WHERE ul_comment_ul_idx = #{ulIdx}
    </select>

    <!-- 댓글 작성자ID 조회 -->
    <select id="getCommentAuthorId" resultType="String">
        select ul_com_member_id from userlife_comment where ul_comment_idx = #{ulCommentIdx}
    </select>



</mapper>