<?xml version="1.0" encoding="UTF-8" ?>
<!DOCTYPE mapper
        PUBLIC "-//mybatis.org//DTD Mapper 3.0//EN"
        "https://mybatis.org/dtd/mybatis-3-mapper.dtd">
<mapper namespace="bitc.fullstack503.java503_team3.mapper.BoardMapper">

    <!--    게시글 목록 조회-->
    <select id="selectBoardList" resultType="bitc.fullstack503.java503_team3.dto.UserlifeDTO">
        select ul_idx,ul_title,ul_nickname,ul_contents,ul_place,ul_cate,ul_likes,date_format(ul_create_date,'%Y.%m.%d %H:%i:%s')
        as ul_create_date, ul_hit_cnt from userlife
        order by ul_idx DESC
    </select>


    <!--    &lt;!&ndash; 게시물 조회 &ndash;&gt;-->
    <!--    <select id="getBoardById" resultType="bitc.fullstack503.java503_team3.dto.UserlifeDTO">-->
    <!--        SELECT * FROM userlife-->
    <!--        WHERE ulIdx = #{ulIdx}-->
    <!--    </select>-->


    <select id="selectFilesByUlIdx" parameterType="int" resultType="bitc.fullstack503.java503_team3.dto.UserlifeFileDTO">
        SELECT * FROM userlife_file WHERE ul_idx = #{ulIdx}
    </select>


    <select id="selectBoardListByLocation" resultType="bitc.fullstack503.java503_team3.dto.UserlifeDTO">
        select ul_idx,ul_title,ul_nickname,ul_contents,ul_place,ul_cate,ul_likes,date_format(ul_create_date,'%Y.%m.%d %H:%i:%s')
        as ul_create_date, ul_hit_cnt from userlife where ul_place = #{memberGu}
        order by ul_idx DESC
    </select>

    <!--게시글 작성-->
    <insert id="insertBoard" parameterType="map" useGeneratedKeys="true" keyProperty="ulIdx">
        insert into userlife(ul_title ,ul_nickname, ul_contents, ul_place, ul_create_date, ul_cate, ul_member_id)
        values(#{ulTitle},#{ulNickname},#{ulContents},#{ulPlace}, now(), #{ulCate}, #{ulMemberId})
    </insert>

    <!--첨부파일추가-->
    <insert id="insertFileList" parameterType="bitc.fullstack503.java503_team3.dto.UserlifeFileDTO">
        insert into userlife_file(ul_idx,ul_original_file_name,ul_stored_file_name,ul_file_size)
        values
        <foreach collection="fileList" item="file" separator=",">
            (#{ulIdx}, #{file.ulOriginalFileName}, #{file.ulStoredFileName}, #{file.ulFileSize})
        </foreach>
    </insert>
    <delete id="deleteUlFile" parameterType="int">
        delete  from userlife_file where ul_idx=#{ulIdx}
    </delete>



    <!--게시글 상세보기-->
    <select id="selectBoardDetail" parameterType="int" resultType="bitc.fullstack503.java503_team3.dto.UserlifeDTO">
        select ul_idx ,ul_title ,ul_nickname ,ul_contents, ul_place,ul_create_date , ul_hit_cnt,ul_likes,ul_cate,ul_member_id,ul_update_date
        from userlife
        where ul_idx= #{ulIdx}
    </select>

    <!--    조회수 증가-->
    <update id="updateHitCnt" parameterType="int">
        UPDATE userlife SET ul_hit_cnt = ul_hit_cnt + 1 WHERE ul_idx = #{ulIdx};
    </update>

    <!--추천수 증가-->
    <update id="plusLike" parameterType="int">
        UPDATE userlife SET ul_likes = ul_likes + 1 WHERE ul_idx=#{ulIdx}
    </update>
    <!--    추천 수 가져오기-->
    <select id="selectLikeCount" parameterType="int" resultType="int">
        select ul_likes from userlife where ul_idx=#{ulIdx}
    </select>

    <!--    게시물 수정-->
    <update id="updateBoard" parameterType="bitc.fullstack503.java503_team3.dto.UserlifeDTO">
        update userlife set ul_title=#{ulTitle} , ul_contents=#{ulContents},ul_nickname=#{ulNickname},ul_update_date= now()
        where ul_idx=#{ulIdx}
    </update>

    <!--    게시물 삭제-->
    <delete id="deleteBoard" parameterType="int">
        <!--        &lt;!&ndash; 자식 테이블(userlife_file) 데이터 먼저 삭제 &ndash;&gt;-->
        <!--        DELETE FROM userlife_file WHERE ul_idx = #{ulIdx}-->

        <!-- 부모 테이블(userlife) 데이터 삭제 -->
        DELETE FROM userlife WHERE ul_idx = #{ulIdx}
    </delete>

    <!--    인기글-->
    <select id="getPopularPosts" resultType="bitc.fullstack503.java503_team3.dto.UserlifeDTO">
        SELECT * FROM  userlife
        ORDER BY ul_hit_cnt DESC
        LIMIT #{limit}
    </select>

    <!-- 카테고리별 게시물 목록 페이지로 이동 -->
    <select id="getBoardByCategory" resultType="bitc.fullstack503.java503_team3.dto.UserlifeDTO">
        SELECT * FROM userlife WHERE ul_cate = #{ulCate} ORDER BY ul_create_date DESC
    </select>

    <select id="getBoardByCategoryAndLocation" resultType="bitc.fullstack503.java503_team3.dto.UserlifeDTO">
        SELECT * FROM userlife WHERE ul_cate = #{ulCate} and ul_place = #{memberGu} ORDER BY ul_create_date DESC
    </select>

    <!-- 카테고리별- 인기글 목록 페이지로 이동 -->
    <select id="getBoardByCategoryPopular" resultType="bitc.fullstack503.java503_team3.dto.UserlifeDTO">
        select * from userlife order by ul_hit_cnt desc
    </select>

    <select id="getBoardByCategoryPopularAndLocation" resultType="bitc.fullstack503.java503_team3.dto.UserlifeDTO">
        select * from userlife where ul_place = #{memberGu} order by ul_hit_cnt desc
    </select>

    <select id="getBoardAuthorId" resultType="string">
        select ul_member_id from userlife where ul_idx = #{ulIdx}
    </select>




</mapper>