<?xml version="1.0" encoding="UTF-8" ?>
<!DOCTYPE mapper
        PUBLIC "-//mybatis.org//DTD Mapper 3.0//EN"
        "https://mybatis.org/dtd/mybatis-3-mapper.dtd">
<mapper namespace="bitc.fullstack503.blog.mapper.BlogMapper">

    <select id="selectBlogList" resultType="bitc.fullstack503.blog.dto.BlogDTO">
        select
        idx, title, contents, create_id,
        date_format(create_date,'%Y.%m.%d %H:%i:%s') as create_date, hit_cnt
        from blog_board
        where deleted_yn = 'N'
        order by idx desc
    </select>

    <select id="selectBlogDetail" parameterType="int" resultType="bitc.fullstack503.blog.dto.BlogDTO">
        select idx, title, contents, create_id, create_date, update_date, hit_cnt image_url
        from blog_board
        where idx = #{idx}
        and deleted_yn = 'N'
    </select>

    <insert id="insertBlog" parameterType="bitc.fullstack503.blog.dto.BlogDTO" useGeneratedKeys="true" keyProperty="idx">
        insert into blog_board (title, contents,  create_id, create_date)
        values (#{title},#{contents}, #{createId},now())
    </insert>

    <update id="updateBlog" parameterType="bitc.fullstack503.blog.dto.BlogDTO">
        update blog_board
        set title = #{title}, contents = #{contents}, update_date = now()
        where idx = #{idx}
    </update>

    <update id="deleteBlog" parameterType="int">
        update blog_board
        set deleted_yn = 'Y'
        where idx = #{idx}
    </update>

    <insert id="visitBlog" parameterType="bitc.fullstack503.blog.dto.VisitDTO">
        insert into blog_visit (create_id, contents)
        values (#{createId},#{contents})
    </insert>

    <select id="selectVisitList" resultType="bitc.fullstack503.blog.dto.VisitDTO">
        select idx, create_id, contents
        from blog_visit
        order by idx desc
    </select>


    <select id="selectComment" resultType="bitc.fullstack503.blog.dto.BlogCommentDTO">
        SELECT * FROM blog_comment
        WHERE blog_idx = #{blogIdx}
        ORDER BY blog_idx DESC
    </select>

    <insert id="addComment" useGeneratedKeys="true" keyProperty="idx">
        insert into blog_comment (blog_idx, contents, create_id, create_date)
        values (#{blogIdx},#{contents},#{createId},now())
    </insert>
    
    <update id="updateHitCnt" parameterType="int">
        UPDATE blog_board SET hit_cnt = hit_cnt + 1 WHERE idx = #{idx}
    </update>

    <update id="updateComment" parameterType="bitc.fullstack503.blog.dto.BlogCommentDTO">
        update blog_comment
        set contents = #{contents}
        where idx = #{idx}
    </update>

    <delete id="deleteComment" parameterType="int">
        delete from blog_comment
        where idx = #{idx}
    </delete>

    <select id="selectBlogFileInfo" parameterType="map" resultType="bitc.fullstack503.blog.dto.BlogFileDTO">
        select idx, blog_idx, original_file_name, stored_file_name, file_size,
        create_id, create_date, update_id, update_date
        from blog_file
        where idx = #{idx}
        and blog_idx = #{blogIdx}

    </select>


    <insert id="insertBlogFileList" parameterType="bitc.fullstack503.blog.dto.BlogFileDTO">
        insert into blog_file
        ( blog_idx, original_file_name, stored_file_name, file_size, create_id,create_date)
        values
        <foreach collection="list" item="item" separator=",">
            ( #{item.blogIdx},#{item.originalFileName},#{item.storedFileName},#{item.fileSize},#{item.createId},now())
        </foreach>
    </insert>
</mapper>